code,event,finished,finished_provisional,id,kickoff_time,minutes,provisional_start_time,pulse_id,started,stats,team_a,team_a_difficulty,team_a_score,team_h,team_h_difficulty,team_h_score
2645195,1,False,True,1,2026-08-21T19:00:00Z,90,False,0,True,"[{'identifier': 'goals_scored', 'a': [], 'h': [{'value': 1, 'element': 12}, {'value': 1, 'element': 15}, {'value': 1, 'element': 26}]}, {'identifier': 'assists', 'a': [], 'h': [{'value': 1, 'element': 8}, {'value': 1, 'element': 10}, {'value': 1, 'element': 557}]}, {'identifier': 'own_goals', 'a': [], 'h': []}, {'identifier': 'penalties_saved', 'a': [], 'h': []}, {'identifier': 'penalties_missed', 'a': [], 'h': []}, {'identifier': 'yellow_cards', 'a': [{'value': 1, 'element': 575}], 'h': [{'value': 1, 'element': 4}]}, {'identifier': 'red_cards', 'a': [], 'h': []}, {'identifier': 'saves', 'a': [{'value': 2, 'element': 110}], 'h': [{'value': 1, 'element': 1}]}, {'identifier': 'bonus', 'a': [], 'h': [{'value': 3, 'element': 15}, {'value': 2, 'element': 10}, {'value': 1, 'element': 12}]}, {'identifier': 'bps', 'a': [{'value': 14, 'element': 184}, {'value': 11, 'element': 173}, {'value': 11, 'element': 190}, {'value': 9, 'element': 194}, {'value': 8, 'element': 104}, {'value': 8, 'element': 188}, {'value': 7, 'element': 195}, {'value': 4, 'element': 492}, {'value': 3, 'element': 183}, {'value': 3, 'element': 584}, {'value': 2, 'element': 575}, {'value': 1, 'element': 182}, {'value': -4, 'element': 176}, {'value': -8, 'element': 175}], 'h': [{'value': 41, 'element': 15}, {'value': 37, 'element': 10}, {'value': 36, 'element': 12}, {'value': 34, 'element': 26}, {'value': 31, 'element': 8}, {'value': 30, 'element': 557}, {'value': 27, 'element': 11}, {'value': 24, 'element': 1}, {'value': 21, 'element': 4}, {'value': 15, 'element': 7}, {'value': 10, 'element': 13}, {'value': 8, 'element': 16}, {'value': 5, 'element': 17}, {'value': 4, 'element': 14}, {'value': 3, 'element': 9}, {'value': 3, 'element': 19}]}, {'identifier': 'defensive_contribution', 'a': [{'value': 10, 'element': 173}, {'value': 9, 'element': 104}, {'value': 9, 'element': 182}, {'value': 8, 'element': 190}, {'value': 7, 'element': 175}, {'value': 7, 'element': 184}, {'value': 6, 'element': 176}, {'value': 6, 'element': 194}, {'value': 5, 'element': 183}, {'value': 3, 'element': 195}, {'value': 3, 'element': 575}, {'value': 1, 'element': 188}, {'value': 1, 'element': 492}, {'value': 1, 'element': 584}], 'h': [{'value': 8, 'element': 15}, {'value': 7, 'element': 7}, {'value': 7, 'element': 12}, {'value': 6, 'element': 11}, {'value': 6, 'element': 13}, {'value': 6, 'element': 557}, {'value': 5, 'element': 8}, {'value': 5, 'element': 10}, {'value': 4, 'element': 4}, {'value': 3, 'element': 19}, {'value': 2, 'element': 14}, {'value': 2, 'element': 16}, {'value': 2, 'element': 17}, {'value': 2, 'element': 26}]}]",7,5,0,1,2,3
2645198,1,False,True,4,2026-08-22T11:30:00Z,90,False,0,True,"[{'identifier': 'goals_scored', 'a': [], 'h': [{'value': 1, 'element': 279}, {'value': 1, 'element': 586}]}, {'identifier': 'assists', 'a': [], 'h': [{'value': 1, 'element': 290}, {'value': 1, 'element': 295}]}, {'identifier': 'own_goals', 'a': [], 'h': []}, {'identifier': 'penalties_saved', 'a': [], 'h': []}, {'identifier': 'penalties_missed', 'a': [], 'h': []}, {'identifier': 'yellow_cards', 'a': [{'value': 1, 'element': 415}], 'h': [{'value': 1, 'element': 287}, {'value': 1, 'element': 289}]}, {'identifier': 'red_cards', 'a': [], 'h': []}, {'identifier': 'saves', 'a': [{'value': 2, 'element': 412}], 'h': [{'value': 5, 'element': 572}]}, {'identifier': 'bonus', 'a': [], 'h': [{'value': 3, 'element': 572}, {'value': 2, 'element': 279}, {'value': 1, 'element': 586}]}, {'identifier': 'bps', 'a': [{'value': 18, 'element': 426}, {'value': 17, 'element': 162}, {'value': 15, 'element': 418}, {'value': 14, 'element': 428}, {'value': 13, 'element': 43}, {'value': 13, 'element': 423}, {'value': 12, 'element': 427}, {'value': 9, 'element': 429}, {'value': 8, 'element': 422}, {'value': 7, 'element': 412}, {'value': 7, 'element': 432}, {'value': 6, 'element': 417}, {'value': 5, 'element': 421}, {'value': 3, 'element': 435}, {'value': 2, 'element': 439}, {'value': -11, 'element': 415}], 'h': [{'value': 41, 'element': 572}, {'value': 39, 'element': 279}, {'value': 35, 'element': 586}, {'value': 27, 'element': 277}, {'value': 24, 'element': 282}, {'value': 23, 'element': 280}, {'value': 21, 'element': 295}, {'value': 20, 'element': 290}, {'value': 11, 'element': 576}, {'value': 9, 'element': 289}, {'value': 8, 'element': 286}, {'value': 4, 'element': 281}, {'value': 4, 'element': 585}, {'value': 3, 'element': 285}, {'value': 3, 'element': 556}, {'value': 2, 'element': 287}]}, {'identifier': 'defensive_contribution', 'a': [{'value': 9, 'element': 162}, {'value': 6, 'element': 426}, {'value': 5, 'element': 43}, {'value': 5, 'element': 422}, {'value': 4, 'element': 418}, {'value': 4, 'element': 423}, {'value': 4, 'element': 427}, {'value': 3, 'element': 417}, {'value': 3, 'element': 428}, {'value': 2, 'element': 421}, {'value': 1, 'element': 415}, {'value': 1, 'element': 429}, {'value': 1, 'element': 432}, {'value': 1, 'element': 435}], 'h': [{'value': 21, 'element': 277}, {'value': 13, 'element': 586}, {'value': 10, 'element': 286}, {'value': 9, 'element': 289}, {'value': 7, 'element': 279}, {'value': 6, 'element': 282}, {'value': 6, 'element': 576}, {'value': 5, 'element': 295}, {'value': 4, 'element': 585}, {'value': 3, 'element': 281}, {'value': 3, 'element': 287}, {'value': 3, 'element': 290}, {'value': 2, 'element': 280}, {'value': 2, 'element': 285}]}]",16,2,0,11,4,2
2645197,1,False,True,3,2026-08-22T14:00:00Z,90,False,0,True,"[{'identifier': 'goals_scored', 'a': [], 'h': [{'value': 1, 'element': 236}, {'value': 1, 'element': 249}]}, {'identifier': 'assists', 'a': [], 'h': [{'value': 1, 'element': 237}, {'value': 1, 'element': 244}]}, {'identifier': 'own_goals', 'a': [], 'h': []}, {'identifier': 'penalties_saved', 'a': [], 'h': []}, {'identifier': 'penalties_missed', 'a': [], 'h': []}, {'identifier': 'yellow_cards', 'a': [{'value': 1, 'element': 214}], 'h': []}, {'identifier': 'red_cards', 'a': [], 'h': []}, {'identifier': 'saves', 'a': [{'value': 3, 'element': 198}], 'h': [{'value': 4, 'element': 226}]}, {'identifier': 'bonus', 'a': [], 'h': [{'value': 3, 'element': 236}, {'value': 2, 'element': 249}, {'value': 1, 'element': 237}]}, {'identifier': 'bps', 'a': [{'value': 25, 'element': 214}, {'value': 20, 'element': 210}, {'value': 14, 'element': 198}, {'value': 13, 'element': 202}, {'value': 12, 'element': 224}, {'value': 12, 'element': 588}, {'value': 11, 'element': 241}, {'value': 9, 'element': 203}, {'value': 9, 'element': 204}, {'value': 7, 'element': 206}, {'value': 4, 'element': 211}, {'value': 3, 'element': 42}, {'value': 3, 'element': 222}, {'value': 3, 'element': 577}, {'value': -3, 'element': 223}, {'value': -4, 'element': 201}], 'h': [{'value': 40, 'element': 236}, {'value': 37, 'element': 249}, {'value': 36, 'element': 237}, {'value': 34, 'element': 226}, {'value': 27, 'element': 230}, {'value': 27, 'element': 233}, {'value': 25, 'element': 229}, {'value': 25, 'element': 244}, {'value': 16, 'element': 247}, {'value': 13, 'element': 242}, {'value': 12, 'element': 246}, {'value': 7, 'element': 243}, {'value': 6, 'element': 239}, {'value': 3, 'element': 209}, {'value': 3, 'element': 248}]}, {'identifier': 'defensive_contribution', 'a': [{'value': 16, 'element': 202}, {'value': 14, 'element': 210}, {'value': 14, 'element': 214}, {'value': 9, 'element': 588}, {'value': 8, 'element': 203}, {'value': 7, 'element': 206}, {'value': 5, 'element': 204}, {'value': 5, 'element': 211}, {'value': 5, 'element': 223}, {'value': 5, 'element': 241}, {'value': 4, 'element': 201}, {'value': 3, 'element': 224}, {'value': 1, 'element': 42}, {'value': 1, 'element': 577}], 'h': [{'value': 16, 'element': 244}, {'value': 12, 'element': 237}, {'value': 9, 'element': 229}, {'value': 9, 'element': 246}, {'value': 8, 'element': 230}, {'value': 8, 'element': 236}, {'value': 7, 'element': 242}, {'value': 7, 'element': 247}, {'value': 4, 'element': 233}, {'value': 3, 'element': 243}, {'value': 3, 'element': 249}, {'value': 2, 'element': 209}, {'value': 1, 'element': 239}]}]",8,3,0,9,3,2
2645199,1,False,True,5,2026-08-22T14:00:00Z,90,False,0,True,"[{'identifier': 'goals_scored', 'a': [{'value': 1, 'element': 551}], 'h': [{'value': 1, 'element': 313}, {'value': 1, 'element': 316}]}, {'identifier': 'assists', 'a': [{'value': 1, 'element': 544}], 'h': [{'value': 1, 'element': 267}, {'value': 1, 'element': 591}]}, {'identifier': 'own_goals', 'a': [], 'h': []}, {'identifier': 'penalties_saved', 'a': [], 'h': []}, {'identifier': 'penalties_missed', 'a': [], 'h': []}, {'identifier': 'yellow_cards', 'a': [{'value': 1, 'element': 532}, {'value': 1, 'element': 539}, {'value': 1, 'element': 551}], 'h': []}, {'identifier': 'red_cards', 'a': [], 'h': []}, {'identifier': 'saves', 'a': [{'value': 1, 'element': 529}], 'h': [{'value': 2, 'element': 564}]}, {'identifier': 'bonus', 'a': [{'value': 2, 'element': 544}], 'h': [{'value': 3, 'element': 316}, {'value': 1, 'element': 313}]}, {'identifier': 'bps', 'a': [{'value': 31, 'element': 544}, {'value': 23, 'element': 551}, {'value': 18, 'element': 545}, {'value': 14, 'element': 534}, {'value': 13, 'element': 542}, {'value': 9, 'element': 536}, {'value': 7, 'element': 529}, {'value': 5, 'element': 541}, {'value': 4, 'element': 532}, {'value': 3, 'element': 543}, {'value': 3, 'element': 548}, {'value': 3, 'element': 553}, {'value': 2, 'element': 535}, {'value': 1, 'element': 539}, {'value': 1, 'element': 549}, {'value': 1, 'element': 552}], 'h': [{'value': 41, 'element': 316}, {'value': 27, 'element': 313}, {'value': 26, 'element': 309}, {'value': 24, 'element': 591}, {'value': 22, 'element': 267}, {'value': 22, 'element': 315}, {'value': 16, 'element': 304}, {'value': 12, 'element': 306}, {'value': 12, 'element': 564}, {'value': 10, 'element': 305}, {'value': 7, 'element': 259}, {'value': 7, 'element': 562}, {'value': 4, 'element': 323}, {'value': 4, 'element': 592}, {'value': 3, 'element': 320}, {'value': 3, 'element': 321}]}, {'identifier': 'defensive_contribution', 'a': [{'value': 13, 'element': 544}, {'value': 9, 'element': 532}, {'value': 8, 'element': 536}, {'value': 7, 'element': 551}, {'value': 5, 'element': 539}, {'value': 4, 'element': 534}, {'value': 4, 'element': 541}, {'value': 2, 'element': 542}, {'value': 2, 'element': 545}, {'value': 2, 'element': 549}, {'value': 1, 'element': 548}], 'h': [{'value': 18, 'element': 304}, {'value': 12, 'element': 309}, {'value': 9, 'element': 562}, {'value': 8, 'element': 591}, {'value': 7, 'element': 305}, {'value': 7, 'element': 306}, {'value': 7, 'element': 315}, {'value': 6, 'element': 267}, {'value': 5, 'element': 259}, {'value': 3, 'element': 316}, {'value': 3, 'element': 320}, {'value': 3, 'element': 323}, {'value': 2, 'element': 313}, {'value': 2, 'element': 592}]}]",20,2,1,12,2,2
2645200,1,False,True,6,2026-08-22T14:00:00Z,90,False,0,True,"[{'identifier': 'goals_scored', 'a': [{'value': 1, 'element': 335}], 'h': []}, {'identifier': 'assists', 'a': [], 'h': []}, {'identifier': 'own_goals', 'a': [], 'h': []}, {'identifier': 'penalties_saved', 'a': [], 'h': []}, {'identifier': 'penalties_missed', 'a': [], 'h': []}, {'identifier': 'yellow_cards', 'a': [{'value': 1, 'element': 346}], 'h': [{'value': 1, 'element': 473}, {'value': 1, 'element': 474}]}, {'identifier': 'red_cards', 'a': [], 'h': []}, {'identifier': 'saves', 'a': [{'value': 3, 'element': 385}], 'h': [{'value': 2, 'element': 467}]}, {'identifier': 'bonus', 'a': [{'value': 3, 'element': 335}, {'value': 2, 'element': 327}, {'value': 2, 'element': 332}, {'value': 2, 'element': 385}], 'h': []}, {'identifier': 'bps', 'a': [{'value': 37, 'element': 335}, {'value': 28, 'element': 327}, {'value': 28, 'element': 332}, {'value': 28, 'element': 385}, {'value': 25, 'element': 334}, {'value': 24, 'element': 330}, {'value': 21, 'element': 329}, {'value': 18, 'element': 338}, {'value': 16, 'element': 337}, {'value': 10, 'element': 336}, {'value': 8, 'element': 260}, {'value': 3, 'element': 339}, {'value': -2, 'element': 346}], 'h': [{'value': 24, 'element': 473}, {'value': 18, 'element': 486}, {'value': 15, 'element': 472}, {'value': 13, 'element': 469}, {'value': 11, 'element': 467}, {'value': 10, 'element': 480}, {'value': 10, 'element': 488}, {'value': 8, 'element': 491}, {'value': 5, 'element': 474}, {'value': 5, 'element': 483}, {'value': 4, 'element': 471}, {'value': 3, 'element': 490}, {'value': 3, 'element': 493}, {'value': 3, 'element': 558}, {'value': -2, 'element': 478}]}, {'identifier': 'defensive_contribution', 'a': [{'value': 16, 'element': 335}, {'value': 13, 'element': 338}, {'value': 12, 'element': 327}, {'value': 12, 'element': 332}, {'value': 7, 'element': 329}, {'value': 7, 'element': 334}, {'value': 7, 'element': 337}, {'value': 5, 'element': 336}, {'value': 3, 'element': 330}, {'value': 2, 'element': 260}, {'value': 2, 'element': 346}], 'h': [{'value': 14, 'element': 472}, {'value': 8, 'element': 474}, {'value': 8, 'element': 486}, {'value': 7, 'element': 471}, {'value': 6, 'element': 469}, {'value': 6, 'element': 488}, {'value': 3, 'element': 480}, {'value': 3, 'element': 483}, {'value': 3, 'element': 491}, {'value': 2, 'element': 473}, {'value': 1, 'element': 490}, {'value': 1, 'element': 558}]}]",13,3,1,18,2,0
2645196,1,False,True,2,2026-08-22T16:30:00Z,90,False,0,True,"[{'identifier': 'goals_scored', 'a': [], 'h': [{'value': 1, 'element': 86}, {'value': 1, 'element': 88}, {'value': 1, 'element': 98}]}, {'identifier': 'assists', 'a': [], 'h': [{'value': 2, 'element': 565}, {'value': 1, 'element': 97}]}, {'identifier': 'own_goals', 'a': [], 'h': []}, {'identifier': 'penalties_saved', 'a': [], 'h': []}, {'identifier': 'penalties_missed', 'a': [], 'h': [{'value': 1, 'element': 106}]}, {'identifier': 'yellow_cards', 'a': [{'value': 1, 'element': 519}], 'h': [{'value': 1, 'element': 98}]}, {'identifier': 'red_cards', 'a': [], 'h': []}, {'identifier': 'saves', 'a': [{'value': 5, 'element': 496}], 'h': [{'value': 4, 'element': 82}]}, {'identifier': 'bonus', 'a': [], 'h': [{'value': 3, 'element': 565}, {'value': 2, 'element': 86}, {'value': 1, 'element': 88}]}, {'identifier': 'bps', 'a': [{'value': 17, 'element': 514}, {'value': 16, 'element': 525}, {'value': 15, 'element': 496}, {'value': 15, 'element': 522}, {'value': 14, 'element': 455}, {'value': 13, 'element': 502}, {'value': 10, 'element': 498}, {'value': 10, 'element': 523}, {'value': 8, 'element': 516}, {'value': 6, 'element': 515}, {'value': 6, 'element': 527}, {'value': 3, 'element': 112}, {'value': 3, 'element': 506}, {'value': 3, 'element': 526}, {'value': 2, 'element': 520}, {'value': 1, 'element': 519}], 'h': [{'value': 41, 'element': 565}, {'value': 37, 'element': 86}, {'value': 36, 'element': 88}, {'value': 35, 'element': 98}, {'value': 34, 'element': 82}, {'value': 29, 'element': 87}, {'value': 22, 'element': 97}, {'value': 21, 'element': 84}, {'value': 17, 'element': 94}, {'value': 9, 'element': 105}, {'value': 7, 'element': 102}, {'value': 6, 'element': 95}, {'value': 6, 'element': 96}, {'value': 4, 'element': 108}, {'value': 2, 'element': 90}, {'value': -3, 'element': 106}]}, {'identifier': 'defensive_contribution', 'a': [{'value': 16, 'element': 498}, {'value': 11, 'element': 502}, {'value': 9, 'element': 112}, {'value': 8, 'element': 514}, {'value': 8, 'element': 520}, {'value': 5, 'element': 516}, {'value': 5, 'element': 522}, {'value': 4, 'element': 455}, {'value': 3, 'element': 519}, {'value': 2, 'element': 515}, {'value': 2, 'element': 523}, {'value': 2, 'element': 525}, {'value': 1, 'element': 527}], 'h': [{'value': 13, 'element': 98}, {'value': 13, 'element': 565}, {'value': 10, 'element': 86}, {'value': 10, 'element': 87}, {'value': 9, 'element': 94}, {'value': 8, 'element': 105}, {'value': 6, 'element': 95}, {'value': 6, 'element': 102}, {'value': 5, 'element': 97}, {'value': 5, 'element': 106}, {'value': 4, 'element': 88}, {'value': 4, 'element': 96}, {'value': 3, 'element': 84}]}]",19,3,0,4,3,3
2645201,1,False,True,7,2026-08-23T13:00:00Z,90,False,0,True,"[{'identifier': 'goals_scored', 'a': [], 'h': [{'value': 2, 'element': 123}, {'value': 1, 'element': 115}]}, {'identifier': 'assists', 'a': [], 'h': [{'value': 1, 'element': 115}, {'value': 1, 'element': 125}, {'value': 1, 'element': 127}]}, {'identifier': 'own_goals', 'a': [{'value': 1, 'element': 37}], 'h': []}, {'identifier': 'penalties_saved', 'a': [], 'h': []}, {'identifier': 'penalties_missed', 'a': [], 'h': []}, {'identifier': 'yellow_cards', 'a': [{'value': 1, 'element': 32}, {'value': 1, 'element': 45}], 'h': [{'value': 1, 'element': 124}, {'value': 1, 'element': 129}]}, {'identifier': 'red_cards', 'a': [{'value': 1, 'element': 54}], 'h': []}, {'identifier': 'saves', 'a': [{'value': 3, 'element': 29}], 'h': []}, {'identifier': 'bonus', 'a': [], 'h': [{'value': 3, 'element': 123}, {'value': 2, 'element': 115}, {'value': 1, 'element': 130}]}, {'identifier': 'bps', 'a': [{'value': 12, 'element': 51}, {'value': 11, 'element': 46}, {'value': 9, 'element': 47}, {'value': 8, 'element': 45}, {'value': 5, 'element': 33}, {'value': 5, 'element': 52}, {'value': 4, 'element': 41}, {'value': 3, 'element': 35}, {'value': 3, 'element': 596}, {'value': 2, 'element': 160}, {'value': 1, 'element': 29}, {'value': -2, 'element': 54}, {'value': -8, 'element': 32}, {'value': -9, 'element': 36}, {'value': -13, 'element': 37}, {'value': -14, 'element': 34}], 'h': [{'value': 54, 'element': 123}, {'value': 46, 'element': 115}, {'value': 32, 'element': 130}, {'value': 29, 'element': 114}, {'value': 27, 'element': 127}, {'value': 25, 'element': 109}, {'value': 24, 'element': 116}, {'value': 22, 'element': 125}, {'value': 19, 'element': 504}, {'value': 18, 'element': 124}, {'value': 8, 'element': 129}, {'value': 7, 'element': 119}, {'value': 7, 'element': 600}, {'value': 3, 'element': 135}, {'value': 3, 'element': 605}, {'value': -1, 'element': 138}]}, {'identifier': 'defensive_contribution', 'a': [{'value': 9, 'element': 36}, {'value': 7, 'element': 32}, {'value': 7, 'element': 41}, {'value': 7, 'element': 47}, {'value': 7, 'element': 54}, {'value': 6, 'element': 45}, {'value': 5, 'element': 34}, {'value': 5, 'element': 51}, {'value': 3, 'element': 37}, {'value': 3, 'element': 52}, {'value': 2, 'element': 596}, {'value': 1, 'element': 33}, {'value': 1, 'element': 35}, {'value': 1, 'element': 46}], 'h': [{'value': 8, 'element': 130}, {'value': 7, 'element': 125}, {'value': 6, 'element': 114}, {'value': 6, 'element': 127}, {'value': 5, 'element': 124}, {'value': 4, 'element': 115}, {'value': 4, 'element': 119}, {'value': 4, 'element': 129}, {'value': 4, 'element': 504}, {'value': 3, 'element': 123}, {'value': 2, 'element': 116}, {'value': 2, 'element': 138}, {'value': 2, 'element': 600}]}]",2,3,0,5,3,4
2645202,1,False,True,8,2026-08-23T13:00:00Z,90,False,0,True,"[{'identifier': 'goals_scored', 'a': [{'value': 1, 'element': 68}], 'h': [{'value': 1, 'element': 388}, {'value': 1, 'element': 391}]}, {'identifier': 'assists', 'a': [{'value': 1, 'element': 79}], 'h': [{'value': 2, 'element': 399}]}, {'identifier': 'own_goals', 'a': [], 'h': []}, {'identifier': 'penalties_saved', 'a': [], 'h': []}, {'identifier': 'penalties_missed', 'a': [], 'h': []}, {'identifier': 'yellow_cards', 'a': [{'value': 1, 'element': 79}, {'value': 1, 'element': 566}], 'h': [{'value': 1, 'element': 398}]}, {'identifier': 'red_cards', 'a': [], 'h': []}, {'identifier': 'saves', 'a': [{'value': 4, 'element': 57}], 'h': [{'value': 3, 'element': 384}]}, {'identifier': 'bonus', 'a': [{'value': 3, 'element': 68}], 'h': [{'value': 2, 'element': 388}, {'value': 1, 'element': 391}, {'value': 1, 'element': 399}]}, {'identifier': 'bps', 'a': [{'value': 32, 'element': 68}, {'value': 17, 'element': 69}, {'value': 17, 'element': 79}, {'value': 15, 'element': 70}, {'value': 13, 'element': 57}, {'value': 9, 'element': 67}, {'value': 8, 'element': 71}, {'value': 6, 'element': 608}, {'value': 5, 'element': 76}, {'value': 5, 'element': 566}, {'value': 4, 'element': 64}, {'value': 4, 'element': 73}, {'value': 3, 'element': 72}], 'h': [{'value': 31, 'element': 388}, {'value': 28, 'element': 391}, {'value': 28, 'element': 399}, {'value': 16, 'element': 397}, {'value': 15, 'element': 398}, {'value': 14, 'element': 393}, {'value': 14, 'element': 481}, {'value': 12, 'element': 384}, {'value': 11, 'element': 390}, {'value': 6, 'element': 411}, {'value': 5, 'element': 387}, {'value': 4, 'element': 389}, {'value': 3, 'element': 406}, {'value': 2, 'element': 238}, {'value': -1, 'element': 395}]}, {'identifier': 'defensive_contribution', 'a': [{'value': 13, 'element': 566}, {'value': 11, 'element': 69}, {'value': 9, 'element': 70}, {'value': 8, 'element': 68}, {'value': 8, 'element': 79}, {'value': 7, 'element': 61}, {'value': 7, 'element': 71}, {'value': 6, 'element': 60}, {'value': 5, 'element': 64}, {'value': 3, 'element': 73}, {'value': 2, 'element': 76}, {'value': 1, 'element': 67}, {'value': 1, 'element': 72}, {'value': 1, 'element': 608}], 'h': [{'value': 7, 'element': 391}, {'value': 6, 'element': 390}, {'value': 6, 'element': 398}, {'value': 6, 'element': 481}, {'value': 5, 'element': 397}, {'value': 4, 'element': 388}, {'value': 4, 'element': 393}, {'value': 3, 'element': 411}, {'value': 2, 'element': 387}, {'value': 2, 'element': 395}, {'value': 2, 'element': 406}, {'value': 1, 'element': 238}, {'value': 1, 'element': 389}]}]",3,5,1,15,3,2
2645203,1,False,True,9,2026-08-23T15:30:00Z,90,False,0,True,"[{'identifier': 'goals_scored', 'a': [{'value': 1, 'element': 367}, {'value': 1, 'element': 368}], 'h': [{'value': 1, 'element': 454}, {'value': 1, 'element': 460}]}, {'identifier': 'assists', 'a': [{'value': 1, 'element': 371}, {'value': 1, 'element': 377}], 'h': [{'value': 1, 'element': 464}, {'value': 1, 'element': 465}]}, {'identifier': 'own_goals', 'a': [], 'h': []}, {'identifier': 'penalties_saved', 'a': [], 'h': []}, {'identifier': 'penalties_missed', 'a': [], 'h': []}, {'identifier': 'yellow_cards', 'a': [{'value': 1, 'element': 356}, {'value': 1, 'element': 357}, {'value': 1, 'element': 358}], 'h': [{'value': 1, 'element': 456}, {'value': 1, 'element': 457}, {'value': 1, 'element': 459}, {'value': 1, 'element': 464}, {'value': 1, 'element': 567}]}, {'identifier': 'red_cards', 'a': [], 'h': []}, {'identifier': 'saves', 'a': [{'value': 3, 'element': 350}], 'h': [{'value': 5, 'element': 567}]}, {'identifier': 'bonus', 'a': [{'value': 3, 'element': 367}, {'value': 1, 'element': 368}], 'h': [{'value': 2, 'element': 454}]}, {'identifier': 'bps', 'a': [{'value': 33, 'element': 367}, {'value': 29, 'element': 368}, {'value': 26, 'element': 371}, {'value': 16, 'element': 366}, {'value': 15, 'element': 377}, {'value': 9, 'element': 362}, {'value': 9, 'element': 369}, {'value': 9, 'element': 372}, {'value': 8, 'element': 356}, {'value': 7, 'element': 350}, {'value': 6, 'element': 379}, {'value': 4, 'element': 381}, {'value': 3, 'element': 357}, {'value': 3, 'element': 358}, {'value': 3, 'element': 579}], 'h': [{'value': 31, 'element': 454}, {'value': 28, 'element': 460}, {'value': 18, 'element': 465}, {'value': 13, 'element': 459}, {'value': 12, 'element': 453}, {'value': 12, 'element': 567}, {'value': 8, 'element': 449}, {'value': 7, 'element': 464}, {'value': 5, 'element': 559}, {'value': 4, 'element': 447}, {'value': 3, 'element': 462}, {'value': 1, 'element': 456}, {'value': -1, 'element': 446}, {'value': -1, 'element': 457}, {'value': -1, 'element': 593}]}, {'identifier': 'defensive_contribution', 'a': [{'value': 12, 'element': 367}, {'value': 11, 'element': 356}, {'value': 11, 'element': 371}, {'value': 7, 'element': 358}, {'value': 7, 'element': 368}, {'value': 5, 'element': 366}, {'value': 4, 'element': 579}, {'value': 3, 'element': 362}, {'value': 3, 'element': 369}, {'value': 3, 'element': 372}, {'value': 2, 'element': 357}, {'value': 1, 'element': 379}, {'value': 1, 'element': 381}], 'h': [{'value': 15, 'element': 445}, {'value': 13, 'element': 459}, {'value': 11, 'element': 449}, {'value': 10, 'element': 447}, {'value': 9, 'element': 593}, {'value': 8, 'element': 453}, {'value': 8, 'element': 464}, {'value': 6, 'element': 456}, {'value': 5, 'element': 465}, {'value': 3, 'element': 460}, {'value': 2, 'element': 454}, {'value': 2, 'element': 457}, {'value': 2, 'element': 462}, {'value': 2, 'element': 559}]}]",14,3,2,17,4,2
2645204,1,False,False,10,2026-08-24T19:00:00Z,0,False,0,False,[],6,3,,10,4,
2645209,2,False,False,11,2026-08-28T19:00:00Z,0,False,0,False,[],15,3,,8,4,
2645211,2,False,False,14,2026-08-29T11:30:00Z,0,False,0,False,[],18,4,,14,3,
2645205,2,False,False,12,2026-08-29T14:00:00Z,0,False,0,False,[],9,3,,3,3,
2645208,2,False,False,13,2026-08-29T14:00:00Z,0,False,0,False,[],11,2,,7,2,
2645214,2,False,False,15,2026-08-29T16:30:00Z,0,False,0,False,[],17,3,,19,2,
2645207,2,False,False,16,2026-08-30T13:00:00Z,0,False,0,False,[],5,4,,6,2,
2645210,2,False,False,17,2026-08-30T13:00:00Z,0,False,0,False,[],4,3,,13,3,
2645213,2,False,False,19,2026-08-30T13:00:00Z,0,False,0,False,[],10,3,,20,2,
2645212,2,False,False,18,2026-08-30T15:30:00Z,0,False,0,False,[],12,4,,16,2,
2645206,2,False,False,20,2026-08-31T19:00:00Z,0,False,0,False,[],1,4,,2,4,
2645221,3,False,False,21,2026-09-04T19:00:00Z,0,False,0,False,[],14,2,,12,4,
2645223,3,False,False,27,2026-09-05T11:30:00Z,0,False,0,False,[],3,3,,17,3,
2645216,3,False,False,22,2026-09-05T14:00:00Z,0,False,0,False,[],20,3,,4,2,
2645217,3,False,False,23,2026-09-05T14:00:00Z,0,False,0,False,[],13,3,,5,2,
2645219,3,False,False,24,2026-09-05T14:00:00Z,0,False,0,False,[],8,3,,10,3,
2645222,3,False,False,26,2026-09-05T14:00:00Z,0,False,0,False,[],7,5,,15,2,
2645224,3,False,False,28,2026-09-05T14:00:00Z,0,False,0,False,[],19,3,,18,3,
2645220,3,False,False,25,2026-09-05T16:30:00Z,0,False,0,False,[],2,2,,11,3,
2645218,3,False,False,30,2026-09-06T13:00:00Z,0,False,0,False,[],16,3,,9,4,
2645215,3,False,False,29,2026-09-06T15:30:00Z,0,False,0,False,[],6,5,,1,4,
2645226,4,False,False,31,2026-09-12T14:00:00Z,0,False,0,False,[],18,4,,2,3,
2645225,4,False,False,32,2026-09-12T14:00:00Z,0,False,0,False,[],4,3,,3,3,
2645227,4,False,False,33,2026-09-12T14:00:00Z,0,False,0,False,[],11,4,,6,2,
2645229,4,False,False,34,2026-09-12T14:00:00Z,0,False,0,False,[],12,3,,8,2,
2645231,4,False,False,35,2026-09-12T14:00:00Z,0,False,0,False,[],10,4,,14,2,
2645234,4,False,False,37,2026-09-12T16:30:00Z,0,False,0,False,[],9,3,,19,3,
2645233,4,False,False,36,2026-09-12T19:00:00Z,0,False,0,False,[],1,3,,20,4,
2645228,4,False,False,38,2026-09-13T13:00:00Z,0,False,0,False,[],5,2,,7,2,
2645232,4,False,False,39,2026-09-13T15:30:00Z,0,False,0,False,[],15,4,,16,4,
2645230,4,False,False,40,2026-09-14T19:00:00Z,0,False,0,False,[],17,3,,13,2,
2645236,5,False,False,41,2026-09-18T19:00:00Z,0,False,0,False,[],6,3,,4,4,
2645244,5,False,False,48,2026-09-19T11:30:00Z,0,False,0,False,[],2,3,,19,3,
2645237,5,False,False,42,2026-09-19T14:00:00Z,0,False,0,False,[],1,3,,5,4,
2645238,5,False,False,43,2026-09-19T14:00:00Z,0,False,0,False,[],12,3,,9,2,
2645240,5,False,False,44,2026-09-19T14:00:00Z,0,False,0,False,[],8,3,,13,3,
2645241,5,False,False,45,2026-09-19T14:00:00Z,0,False,0,False,[],20,5,,15,2,
2645242,5,False,False,46,2026-09-19T14:00:00Z,0,False,0,False,[],11,3,,17,2,
2645243,5,False,False,47,2026-09-19T16:30:00Z,0,False,0,False,[],7,3,,18,2,
2645235,5,False,False,49,2026-09-20T13:00:00Z,0,False,0,False,[],14,3,,3,4,
2645239,5,False,False,50,2026-09-20T15:30:00Z,0,False,0,False,[],16,3,,10,4,
2645245,6,False,False,51,2026-10-10T11:30:00Z,0,False,0,False,[],13,5,,1,2,
2645246,6,False,False,52,2026-10-10T14:00:00Z,0,False,0,False,[],4,4,,2,3,
2645247,6,False,False,53,2026-10-10T14:00:00Z,0,False,0,False,[],3,4,,6,3,
2645251,6,False,False,57,2026-10-10T14:00:00Z,0,False,0,False,[],10,2,,12,2,
2645254,6,False,False,60,2026-10-10T14:00:00Z,0,False,0,False,[],5,3,,20,2,
2645253,6,False,False,59,2026-10-10T16:30:00Z,0,False,0,False,[],19,4,,16,3,
2645249,6,False,False,55,2026-10-11T13:00:00Z,0,False,0,False,[],18,3,,8,3,
2645250,6,False,False,56,2026-10-11T13:00:00Z,0,False,0,False,[],9,2,,11,3,
2645252,6,False,False,58,2026-10-11T15:30:00Z,0,False,0,False,[],15,4,,14,4,
2645248,6,False,False,54,2026-10-12T19:00:00Z,0,False,0,False,[],17,2,,7,2,
2645258,7,False,False,64,2026-10-17T11:30:00Z,0,False,0,False,[],6,3,,9,4,
2645256,7,False,False,62,2026-10-17T14:00:00Z,0,False,0,False,[],14,3,,4,4,
2645259,7,False,False,65,2026-10-17T14:00:00Z,0,False,0,False,[],11,3,,10,2,
2645261,7,False,False,67,2026-10-17T14:00:00Z,0,False,0,False,[],12,5,,15,2,
2645262,7,False,False,68,2026-10-17T16:30:00Z,0,False,0,False,[],2,3,,17,3,
2645255,7,False,False,61,2026-10-18T13:00:00Z,0,False,0,False,[],20,3,,3,2,
2645257,7,False,False,63,2026-10-18T13:00:00Z,0,False,0,False,[],8,3,,5,3,
2645260,7,False,False,66,2026-10-18T13:00:00Z,0,False,0,False,[],16,3,,13,4,
2645263,7,False,False,69,2026-10-18T15:30:00Z,0,False,0,False,[],1,3,,18,4,
2645264,7,False,False,70,2026-10-19T19:00:00Z,0,False,0,False,[],7,3,,19,2,
2645271,8,False,False,77,2026-10-23T19:00:00Z,0,False,0,False,[],18,2,,12,3,
2645266,8,False,False,72,2026-10-24T11:30:00Z,0,False,0,False,[],15,4,,2,4,
2645265,8,False,False,71,2026-10-24T14:00:00Z,0,False,0,False,[],9,5,,1,3,
2645268,8,False,False,74,2026-10-24T14:00:00Z,0,False,0,False,[],10,2,,7,2,
2645272,8,False,False,78,2026-10-24T14:00:00Z,0,False,0,False,[],5,4,,14,2,
2645267,8,False,False,73,2026-10-24T16:30:00Z,0,False,0,False,[],19,4,,6,3,
2645269,8,False,False,75,2026-10-25T14:00:00Z,0,False,0,False,[],17,3,,8,2,
2645270,8,False,False,76,2026-10-25T14:00:00Z,0,False,0,False,[],4,2,,11,3,
2645273,8,False,False,79,2026-10-25T14:00:00Z,0,False,0,False,[],3,4,,16,3,
2645274,8,False,False,80,2026-10-25T16:30:00Z,0,False,0,False,[],13,3,,20,2,
2645278,9,False,False,84,2026-10-31T12:30:00Z,0,False,0,False,[],16,4,,6,4,
2645275,9,False,False,82,2026-10-31T15:00:00Z,0,False,0,False,[],13,3,,3,2,
2645277,9,False,False,83,2026-10-31T15:00:00Z,0,False,0,False,[],18,3,,4,3,
2645279,9,False,False,85,2026-10-31T15:00:00Z,0,False,0,False,[],20,2,,7,2,
2645280,9,False,False,86,2026-10-31T15:00:00Z,0,False,0,False,[],12,2,,11,2,
2645282,9,False,False,88,2026-10-31T15:00:00Z,0,False,0,False,[],5,5,,15,2,
2645284,9,False,False,90,2026-10-31T17:30:00Z,0,False,0,False,[],8,3,,19,3,
2645276,9,False,False,81,2026-11-01T14:00:00Z,0,False,0,False,[],10,4,,2,2,
2645281,9,False,False,87,2026-11-01T16:30:00Z,0,False,0,False,[],1,4,,14,4,
2645283,9,False,False,89,2026-11-02T20:00:00Z,0,False,0,False,[],9,3,,17,3,
2645285,10,False,False,91,2026-11-07T15:00:00Z,0,False,0,False,[],11,5,,1,2,
2645286,10,False,False,92,2026-11-07T15:00:00Z,0,False,0,False,[],4,3,,5,3,
2645287,10,False,False,93,2026-11-07T15:00:00Z,0,False,0,False,[],14,3,,8,4,
2645288,10,False,False,94,2026-11-07T15:00:00Z,0,False,0,False,[],7,3,,9,2,
2645289,10,False,False,95,2026-11-07T15:00:00Z,0,False,0,False,[],17,3,,10,2,
2645290,10,False,False,96,2026-11-07T15:00:00Z,0,False,0,False,[],3,2,,12,3,
2645291,10,False,False,97,2026-11-07T15:00:00Z,0,False,0,False,[],19,3,,13,3,
2645292,10,False,False,98,2026-11-07T15:00:00Z,0,False,0,False,[],2,4,,16,3,
2645293,10,False,False,99,2026-11-07T15:00:00Z,0,False,0,False,[],15,3,,18,4,
2645294,10,False,False,100,2026-11-07T15:00:00Z,0,False,0,False,[],6,3,,20,4,
2645296,11,False,False,101,2026-11-21T15:00:00Z,0,False,0,False,[],20,4,,2,2,
2645295,11,False,False,102,2026-11-21T15:00:00Z,0,False,0,False,[],18,3,,3,3,
2645297,11,False,False,103,2026-11-21T15:00:00Z,0,False,0,False,[],9,3,,4,3,
2645298,11,False,False,104,2026-11-21T15:00:00Z,0,False,0,False,[],13,4,,6,2,
2645299,11,False,False,105,2026-11-21T15:00:00Z,0,False,0,False,[],8,2,,7,3,
2645300,11,False,False,106,2026-11-21T15:00:00Z,0,False,0,False,[],5,2,,11,2,
2645301,11,False,False,107,2026-11-21T15:00:00Z,0,False,0,False,[],16,4,,14,4,
2645302,11,False,False,108,2026-11-21T15:00:00Z,0,False,0,False,[],10,5,,15,2,
2645303,11,False,False,109,2026-11-21T15:00:00Z,0,False,0,False,[],1,3,,17,4,
2645304,11,False,False,110,2026-11-21T15:00:00Z,0,False,0,False,[],12,3,,19,2,
2645305,12,False,False,111,2026-11-28T15:00:00Z,0,False,0,False,[],15,5,,1,4,
2645306,12,False,False,112,2026-11-28T15:00:00Z,0,False,0,False,[],17,3,,5,2,
2645307,12,False,False,113,2026-11-28T15:00:00Z,0,False,0,False,[],11,3,,8,2,
2645308,12,False,False,114,2026-11-28T15:00:00Z,0,False,0,False,[],14,3,,9,4,
2645309,12,False,False,115,2026-11-28T15:00:00Z,0,False,0,False,[],3,3,,10,3,
2645310,12,False,False,116,2026-11-28T15:00:00Z,0,False,0,False,[],2,2,,12,3,
2645311,12,False,False,117,2026-11-28T15:00:00Z,0,False,0,False,[],7,3,,13,2,
2645312,12,False,False,118,2026-11-28T15:00:00Z,0,False,0,False,[],4,4,,16,3,
2645313,12,False,False,119,2026-11-28T15:00:00Z,0,False,0,False,[],6,3,,18,4,
2645314,12,False,False,120,2026-11-28T15:00:00Z,0,False,0,False,[],19,3,,20,3,
2645316,13,False,False,121,2026-12-02T20:00:00Z,0,False,0,False,[],9,4,,2,3,
2645315,13,False,False,122,2026-12-02T20:00:00Z,0,False,0,False,[],5,3,,3,2,
2645317,13,False,False,123,2026-12-02T20:00:00Z,0,False,0,False,[],1,3,,4,4,
2645318,13,False,False,124,2026-12-02T20:00:00Z,0,False,0,False,[],8,4,,6,3,
2645319,13,False,False,125,2026-12-02T20:00:00Z,0,False,0,False,[],12,2,,7,2,
2645320,13,False,False,126,2026-12-02T20:00:00Z,0,False,0,False,[],18,2,,11,3,
2645321,13,False,False,127,2026-12-02T20:00:00Z,0,False,0,False,[],20,4,,14,2,
2645322,13,False,False,128,2026-12-02T20:00:00Z,0,False,0,False,[],13,5,,15,2,
2645323,13,False,False,129,2026-12-02T20:00:00Z,0,False,0,False,[],16,3,,17,4,
2645324,13,False,False,130,2026-12-02T20:00:00Z,0,False,0,False,[],10,3,,19,2,
2645326,14,False,False,131,2026-12-05T15:00:00Z,0,False,0,False,[],8,4,,2,3,
2645325,14,False,False,132,2026-12-05T15:00:00Z,0,False,0,False,[],11,3,,3,2,
2645327,14,False,False,133,2026-12-05T15:00:00Z,0,False,0,False,[],15,3,,4,4,
2645328,14,False,False,134,2026-12-05T15:00:00Z,0,False,0,False,[],14,4,,6,4,
2645329,14,False,False,135,2026-12-05T15:00:00Z,0,False,0,False,[],10,3,,9,2,
2645330,14,False,False,136,2026-12-05T15:00:00Z,0,False,0,False,[],12,3,,13,2,
2645331,14,False,False,137,2026-12-05T15:00:00Z,0,False,0,False,[],7,4,,16,2,
2645332,14,False,False,138,2026-12-05T15:00:00Z,0,False,0,False,[],20,3,,17,2,
2645333,14,False,False,139,2026-12-05T15:00:00Z,0,False,0,False,[],5,3,,18,2,
2645334,14,False,False,140,2026-12-05T15:00:00Z,0,False,0,False,[],1,3,,19,4,
2645335,15,False,False,141,2026-12-12T15:00:00Z,0,False,0,False,[],3,5,,1,3,
2645336,15,False,False,142,2026-12-12T15:00:00Z,0,False,0,False,[],9,3,,5,3,
2645337,15,False,False,143,2026-12-12T15:00:00Z,0,False,0,False,[],2,2,,7,3,
2645338,15,False,False,144,2026-12-12T15:00:00Z,0,False,0,False,[],16,3,,8,4,
2645339,15,False,False,145,2026-12-12T15:00:00Z,0,False,0,False,[],4,3,,10,3,
2645340,15,False,False,146,2026-12-12T15:00:00Z,0,False,0,False,[],19,2,,11,3,
2645341,15,False,False,147,2026-12-12T15:00:00Z,0,False,0,False,[],17,2,,12,2,
2645342,15,False,False,148,2026-12-12T15:00:00Z,0,False,0,False,[],13,4,,14,2,
2645343,15,False,False,149,2026-12-12T15:00:00Z,0,False,0,False,[],6,5,,15,4,
2645344,15,False,False,150,2026-12-12T15:00:00Z,0,False,0,False,[],18,3,,20,3,
2645346,16,False,False,151,2026-12-19T15:00:00Z,0,False,0,False,[],16,5,,1,4,
2645345,16,False,False,152,2026-12-19T15:00:00Z,0,False,0,False,[],7,3,,3,2,
2645347,16,False,False,153,2026-12-19T15:00:00Z,0,False,0,False,[],17,3,,4,2,
2645348,16,False,False,154,2026-12-19T15:00:00Z,0,False,0,False,[],12,3,,5,2,
2645349,16,False,False,155,2026-12-19T15:00:00Z,0,False,0,False,[],2,4,,6,3,
2645350,16,False,False,156,2026-12-19T15:00:00Z,0,False,0,False,[],10,3,,13,2,
2645351,16,False,False,157,2026-12-19T15:00:00Z,0,False,0,False,[],19,4,,14,3,
2645352,16,False,False,158,2026-12-19T15:00:00Z,0,False,0,False,[],11,5,,15,2,
2645353,16,False,False,159,2026-12-19T15:00:00Z,0,False,0,False,[],9,3,,18,3,
2645354,16,False,False,160,2026-12-19T15:00:00Z,0,False,0,False,[],8,3,,20,3,
2645355,17,False,False,161,2026-12-26T15:00:00Z,0,False,0,False,[],13,4,,2,2,
2645356,17,False,False,162,2026-12-26T15:00:00Z,0,False,0,False,[],6,2,,7,4,
2645357,17,False,False,163,2026-12-26T15:00:00Z,0,False,0,False,[],1,3,,8,4,
2645358,17,False,False,164,2026-12-26T15:00:00Z,0,False,0,False,[],20,3,,9,2,
2645359,17,False,False,165,2026-12-26T15:00:00Z,0,False,0,False,[],5,3,,10,2,
2645360,17,False,False,166,2026-12-26T15:00:00Z,0,False,0,False,[],14,2,,11,4,
2645361,17,False,False,167,2026-12-26T15:00:00Z,0,False,0,False,[],4,2,,12,3,
2645362,17,False,False,168,2026-12-26T15:00:00Z,0,False,0,False,[],18,4,,16,3,
2645363,17,False,False,169,2026-12-26T15:00:00Z,0,False,0,False,[],15,3,,17,4,
2645364,17,False,False,170,2026-12-26T15:00:00Z,0,False,0,False,[],3,3,,19,3,
2645365,18,False,False,171,2026-12-30T20:00:00Z,0,False,0,False,[],14,4,,2,4,
2645366,18,False,False,172,2026-12-30T20:00:00Z,0,False,0,False,[],4,2,,7,3,
2645367,18,False,False,173,2026-12-30T20:00:00Z,0,False,0,False,[],3,3,,8,3,
2645368,18,False,False,174,2026-12-30T20:00:00Z,0,False,0,False,[],15,3,,9,4,
2645369,18,False,False,175,2026-12-30T20:00:00Z,0,False,0,False,[],1,3,,10,4,
2645370,18,False,False,176,2026-12-30T20:00:00Z,0,False,0,False,[],13,2,,11,2,
2645371,18,False,False,177,2026-12-30T20:00:00Z,0,False,0,False,[],6,2,,12,4,
2645372,18,False,False,178,2026-12-30T20:00:00Z,0,False,0,False,[],20,4,,16,2,
2645373,18,False,False,179,2026-12-30T20:00:00Z,0,False,0,False,[],18,3,,17,3,
2645374,18,False,False,180,2026-12-30T20:00:00Z,0,False,0,False,[],5,3,,19,2,
2645376,19,False,False,181,2027-01-02T15:00:00Z,0,False,0,False,[],12,5,,1,2,
2645375,19,False,False,182,2027-01-02T15:00:00Z,0,False,0,False,[],2,3,,3,3,
2645377,19,False,False,183,2027-01-02T15:00:00Z,0,False,0,False,[],8,3,,4,3,
2645378,19,False,False,184,2027-01-02T15:00:00Z,0,False,0,False,[],16,3,,5,4,
2645379,19,False,False,185,2027-01-02T15:00:00Z,0,False,0,False,[],17,4,,6,2,
2645380,19,False,False,186,2027-01-02T15:00:00Z,0,False,0,False,[],9,3,,13,3,
2645381,19,False,False,187,2027-01-02T15:00:00Z,0,False,0,False,[],7,4,,14,2,
2645382,19,False,False,188,2027-01-02T15:00:00Z,0,False,0,False,[],19,5,,15,3,
2645383,19,False,False,189,2027-01-02T15:00:00Z,0,False,0,False,[],10,3,,18,2,
2645384,19,False,False,190,2027-01-02T15:00:00Z,0,False,0,False,[],11,3,,20,2,
2645385,20,False,False,191,2027-01-06T20:00:00Z,0,False,0,False,[],4,5,,1,3,
2645386,20,False,False,192,2027-01-06T20:00:00Z,0,False,0,False,[],3,3,,5,3,
2645387,20,False,False,193,2027-01-06T20:00:00Z,0,False,0,False,[],6,3,,8,4,
2645388,20,False,False,194,2027-01-06T20:00:00Z,0,False,0,False,[],2,3,,9,3,
2645389,20,False,False,195,2027-01-06T20:00:00Z,0,False,0,False,[],19,3,,10,3,
2645390,20,False,False,196,2027-01-06T20:00:00Z,0,False,0,False,[],7,2,,12,2,
2645391,20,False,False,197,2027-01-06T20:00:00Z,0,False,0,False,[],15,3,,13,4,
2645392,20,False,False,198,2027-01-06T20:00:00Z,0,False,0,False,[],17,4,,16,2,
2645393,20,False,False,199,2027-01-06T20:00:00Z,0,False,0,False,[],11,3,,18,2,
2645394,20,False,False,200,2027-01-06T20:00:00Z,0,False,0,False,[],14,3,,20,4,
2645396,21,False,False,201,2027-01-16T15:00:00Z,0,False,0,False,[],16,4,,2,4,
2645395,21,False,False,202,2027-01-16T15:00:00Z,0,False,0,False,[],12,3,,3,2,
2645397,21,False,False,203,2027-01-16T15:00:00Z,0,False,0,False,[],5,3,,4,2,
2645398,21,False,False,204,2027-01-16T15:00:00Z,0,False,0,False,[],20,4,,6,2,
2645399,21,False,False,205,2027-01-16T15:00:00Z,0,False,0,False,[],9,2,,7,3,
2645400,21,False,False,206,2027-01-16T15:00:00Z,0,False,0,False,[],1,2,,11,4,
2645401,21,False,False,207,2027-01-16T15:00:00Z,0,False,0,False,[],8,4,,14,3,
2645402,21,False,False,208,2027-01-16T15:00:00Z,0,False,0,False,[],18,5,,15,3,
2645403,21,False,False,209,2027-01-16T15:00:00Z,0,False,0,False,[],10,3,,17,2,
2645404,21,False,False,210,2027-01-16T15:00:00Z,0,False,0,False,[],13,3,,19,2,
2645405,22,False,False,211,2027-01-23T15:00:00Z,0,False,0,False,[],17,5,,1,2,
2645406,22,False,False,212,2027-01-23T15:00:00Z,0,False,0,False,[],15,3,,5,4,
2645407,22,False,False,213,2027-01-23T15:00:00Z,0,False,0,False,[],19,3,,8,3,
2645408,22,False,False,214,2027-01-23T15:00:00Z,0,False,0,False,[],4,3,,9,3,
2645409,22,False,False,215,2027-01-23T15:00:00Z,0,False,0,False,[],2,3,,10,3,
2645410,22,False,False,216,2027-01-23T15:00:00Z,0,False,0,False,[],11,2,,12,2,
2645411,22,False,False,217,2027-01-23T15:00:00Z,0,False,0,False,[],6,3,,13,4,
2645412,22,False,False,218,2027-01-23T15:00:00Z,0,False,0,False,[],14,4,,16,4,
2645413,22,False,False,219,2027-01-23T15:00:00Z,0,False,0,False,[],3,3,,18,3,
2645414,22,False,False,220,2027-01-23T15:00:00Z,0,False,0,False,[],7,3,,20,2,
2645416,23,False,False,221,2027-01-30T15:00:00Z,0,False,0,False,[],12,4,,2,2,
2645415,23,False,False,222,2027-01-30T15:00:00Z,0,False,0,False,[],10,3,,3,2,
2645417,23,False,False,223,2027-01-30T15:00:00Z,0,False,0,False,[],16,3,,4,4,
2645418,23,False,False,224,2027-01-30T15:00:00Z,0,False,0,False,[],18,4,,6,3,
2645419,23,False,False,225,2027-01-30T15:00:00Z,0,False,0,False,[],13,2,,7,2,
2645420,23,False,False,226,2027-01-30T15:00:00Z,0,False,0,False,[],8,2,,11,3,
2645421,23,False,False,227,2027-01-30T15:00:00Z,0,False,0,False,[],9,4,,14,3,
2645422,23,False,False,228,2027-01-30T15:00:00Z,0,False,0,False,[],1,5,,15,4,
2645423,23,False,False,229,2027-01-30T15:00:00Z,0,False,0,False,[],5,3,,17,2,
2645424,23,False,False,230,2027-01-30T15:00:00Z,0,False,0,False,[],20,3,,19,2,
2645425,24,False,False,231,2027-02-06T15:00:00Z,0,False,0,False,[],14,5,,1,4,
2645426,24,False,False,232,2027-02-06T15:00:00Z,0,False,0,False,[],11,3,,5,2,
2645427,24,False,False,233,2027-02-06T15:00:00Z,0,False,0,False,[],7,3,,8,2,
2645428,24,False,False,234,2027-02-06T15:00:00Z,0,False,0,False,[],17,3,,9,2,
2645429,24,False,False,235,2027-02-06T15:00:00Z,0,False,0,False,[],15,3,,10,4,
2645430,24,False,False,236,2027-02-06T15:00:00Z,0,False,0,False,[],19,2,,12,3,
2645431,24,False,False,237,2027-02-06T15:00:00Z,0,False,0,False,[],3,3,,13,3,
2645432,24,False,False,238,2027-02-06T15:00:00Z,0,False,0,False,[],6,4,,16,4,
2645433,24,False,False,239,2027-02-06T15:00:00Z,0,False,0,False,[],4,3,,18,3,
2645434,24,False,False,240,2027-02-06T15:00:00Z,0,False,0,False,[],2,3,,20,3,
2645435,25,False,False,241,2027-02-10T20:00:00Z,0,False,0,False,[],3,4,,2,3,
2645436,25,False,False,242,2027-02-10T20:00:00Z,0,False,0,False,[],14,2,,7,4,
2645437,25,False,False,243,2027-02-10T20:00:00Z,0,False,0,False,[],4,3,,8,3,
2645438,25,False,False,244,2027-02-10T20:00:00Z,0,False,0,False,[],13,3,,9,2,
2645439,25,False,False,245,2027-02-10T20:00:00Z,0,False,0,False,[],18,3,,10,3,
2645440,25,False,False,246,2027-02-10T20:00:00Z,0,False,0,False,[],20,2,,11,2,
2645441,25,False,False,247,2027-02-10T20:00:00Z,0,False,0,False,[],1,2,,12,4,
2645442,25,False,False,248,2027-02-10T20:00:00Z,0,False,0,False,[],5,4,,16,2,
2645443,25,False,False,249,2027-02-10T20:00:00Z,0,False,0,False,[],6,3,,17,4,
2645444,25,False,False,250,2027-02-10T20:00:00Z,0,False,0,False,[],15,3,,19,4,
2645446,26,False,False,251,2027-02-20T15:00:00Z,0,False,0,False,[],10,5,,1,2,
2645445,26,False,False,252,2027-02-20T15:00:00Z,0,False,0,False,[],8,3,,3,3,
2645447,26,False,False,253,2027-02-20T15:00:00Z,0,False,0,False,[],7,3,,4,2,
2645448,26,False,False,254,2027-02-20T15:00:00Z,0,False,0,False,[],19,3,,5,3,
2645449,26,False,False,255,2027-02-20T15:00:00Z,0,False,0,False,[],12,4,,6,2,
2645450,26,False,False,256,2027-02-20T15:00:00Z,0,False,0,False,[],2,3,,13,3,
2645451,26,False,False,257,2027-02-20T15:00:00Z,0,False,0,False,[],11,4,,14,2,
2645452,26,False,False,258,2027-02-20T15:00:00Z,0,False,0,False,[],17,5,,15,2,
2645453,26,False,False,259,2027-02-20T15:00:00Z,0,False,0,False,[],16,3,,18,4,
2645454,26,False,False,260,2027-02-20T15:00:00Z,0,False,0,False,[],9,3,,20,3,
2645455,27,False,False,261,2027-02-27T15:00:00Z,0,False,0,False,[],6,4,,2,4,
2645456,27,False,False,262,2027-02-27T15:00:00Z,0,False,0,False,[],3,2,,7,3,
2645457,27,False,False,263,2027-02-27T15:00:00Z,0,False,0,False,[],20,3,,8,2,
2645458,27,False,False,264,2027-02-27T15:00:00Z,0,False,0,False,[],18,3,,9,3,
2645459,27,False,False,265,2027-02-27T15:00:00Z,0,False,0,False,[],13,3,,10,2,
2645460,27,False,False,266,2027-02-27T15:00:00Z,0,False,0,False,[],15,2,,11,4,
2645461,27,False,False,267,2027-02-27T15:00:00Z,0,False,0,False,[],5,2,,12,2,
2645462,27,False,False,268,2027-02-27T15:00:00Z,0,False,0,False,[],1,4,,16,4,
2645463,27,False,False,269,2027-02-27T15:00:00Z,0,False,0,False,[],4,3,,17,3,
2645464,27,False,False,270,2027-02-27T15:00:00Z,0,False,0,False,[],14,3,,19,4,
2645466,28,False,False,271,2027-03-03T20:00:00Z,0,False,0,False,[],8,5,,1,3,
2645465,28,False,False,272,2027-03-03T20:00:00Z,0,False,0,False,[],19,3,,3,3,
2645467,28,False,False,273,2027-03-03T20:00:00Z,0,False,0,False,[],12,3,,4,2,
2645468,28,False,False,274,2027-03-03T20:00:00Z,0,False,0,False,[],10,3,,5,2,
2645469,28,False,False,275,2027-03-03T20:00:00Z,0,False,0,False,[],7,4,,6,2,
2645470,28,False,False,276,2027-03-03T20:00:00Z,0,False,0,False,[],11,3,,13,2,
2645471,28,False,False,277,2027-03-03T20:00:00Z,0,False,0,False,[],2,4,,14,3,
2645472,28,False,False,278,2027-03-03T20:00:00Z,0,False,0,False,[],9,5,,15,3,
2645473,28,False,False,279,2027-03-03T20:00:00Z,0,False,0,False,[],17,3,,18,2,
2645474,28,False,False,280,2027-03-03T20:00:00Z,0,False,0,False,[],16,3,,20,4,
2645476,29,False,False,281,2027-03-13T15:00:00Z,0,False,0,False,[],11,4,,2,2,
2645475,29,False,False,282,2027-03-13T15:00:00Z,0,False,0,False,[],17,3,,3,2,
2645477,29,False,False,283,2027-03-13T15:00:00Z,0,False,0,False,[],1,4,,6,4,
2645478,29,False,False,284,2027-03-13T15:00:00Z,0,False,0,False,[],15,2,,7,4,
2645479,29,False,False,285,2027-03-13T15:00:00Z,0,False,0,False,[],10,3,,8,2,
2645480,29,False,False,286,2027-03-13T15:00:00Z,0,False,0,False,[],5,3,,13,2,
2645481,29,False,False,287,2027-03-13T15:00:00Z,0,False,0,False,[],12,4,,14,2,
2645482,29,False,False,288,2027-03-13T15:00:00Z,0,False,0,False,[],9,4,,16,3,
2645484,29,False,False,290,2027-03-13T15:00:00Z,0,False,0,False,[],18,3,,19,3,
2645483,29,False,False,289,2027-03-13T15:00:00Z,0,False,0,False,[],4,3,,20,3,
2645485,30,False,False,291,2027-03-20T15:00:00Z,0,False,0,False,[],20,5,,1,2,
2645486,30,False,False,292,2027-03-20T15:00:00Z,0,False,0,False,[],3,3,,4,3,
2645487,30,False,False,293,2027-03-20T15:00:00Z,0,False,0,False,[],7,3,,5,2,
2645488,30,False,False,294,2027-03-20T15:00:00Z,0,False,0,False,[],19,3,,9,3,
2645489,30,False,False,295,2027-03-20T15:00:00Z,0,False,0,False,[],14,3,,10,4,
2645490,30,False,False,296,2027-03-20T15:00:00Z,0,False,0,False,[],6,2,,11,4,
2645491,30,False,False,297,2027-03-20T15:00:00Z,0,False,0,False,[],8,2,,12,3,
2645492,30,False,False,298,2027-03-20T15:00:00Z,0,False,0,False,[],16,5,,15,4,
2645493,30,False,False,299,2027-03-20T15:00:00Z,0,False,0,False,[],13,3,,17,2,
2645494,30,False,False,300,2027-03-20T15:00:00Z,0,False,0,False,[],2,3,,18,3,
2645496,31,False,False,301,2027-04-10T14:00:00Z,0,False,0,False,[],5,4,,2,2,
2645495,31,False,False,302,2027-04-10T14:00:00Z,0,False,0,False,[],15,3,,3,4,
2645497,31,False,False,303,2027-04-10T14:00:00Z,0,False,0,False,[],10,4,,6,2,
2645498,31,False,False,304,2027-04-10T14:00:00Z,0,False,0,False,[],1,2,,7,4,
2645499,31,False,False,305,2027-04-10T14:00:00Z,0,False,0,False,[],9,3,,8,3,
2645500,31,False,False,306,2027-04-10T14:00:00Z,0,False,0,False,[],18,3,,13,3,
2645501,31,False,False,307,2027-04-10T14:00:00Z,0,False,0,False,[],17,4,,14,2,
2645502,31,False,False,308,2027-04-10T14:00:00Z,0,False,0,False,[],11,4,,16,2,
2645504,31,False,False,310,2027-04-10T14:00:00Z,0,False,0,False,[],4,3,,19,3,
2645503,31,False,False,309,2027-04-10T14:00:00Z,0,False,0,False,[],12,3,,20,2,
2645505,32,False,False,311,2027-04-17T14:00:00Z,0,False,0,False,[],2,5,,1,3,
2645506,32,False,False,312,2027-04-17T14:00:00Z,0,False,0,False,[],13,3,,4,2,
2645507,32,False,False,313,2027-04-17T14:00:00Z,0,False,0,False,[],6,3,,5,4,
2645508,32,False,False,314,2027-04-17T14:00:00Z,0,False,0,False,[],3,3,,9,3,
2645509,32,False,False,315,2027-04-17T14:00:00Z,0,False,0,False,[],20,3,,10,2,
2645510,32,False,False,316,2027-04-17T14:00:00Z,0,False,0,False,[],7,2,,11,2,
2645511,32,False,False,317,2027-04-17T14:00:00Z,0,False,0,False,[],16,2,,12,4,
2645512,32,False,False,318,2027-04-17T14:00:00Z,0,False,0,False,[],8,5,,15,3,
2645513,32,False,False,319,2027-04-17T14:00:00Z,0,False,0,False,[],19,3,,17,3,
2645514,32,False,False,320,2027-04-17T14:00:00Z,0,False,0,False,[],14,3,,18,4,
2645516,33,False,False,321,2027-04-24T14:00:00Z,0,False,0,False,[],7,4,,2,2,
2645515,33,False,False,322,2027-04-24T14:00:00Z,0,False,0,False,[],1,3,,3,4,
2645517,33,False,False,323,2027-04-24T14:00:00Z,0,False,0,False,[],10,3,,4,2,
2645518,33,False,False,324,2027-04-24T14:00:00Z,0,False,0,False,[],15,4,,6,4,
2645519,33,False,False,325,2027-04-24T14:00:00Z,0,False,0,False,[],5,3,,9,2,
2645520,33,False,False,326,2027-04-24T14:00:00Z,0,False,0,False,[],14,3,,13,4,
2645521,33,False,False,327,2027-04-24T14:00:00Z,0,False,0,False,[],8,4,,16,3,
2645522,33,False,False,328,2027-04-24T14:00:00Z,0,False,0,False,[],12,3,,17,2,
2645523,33,False,False,329,2027-04-24T14:00:00Z,0,False,0,False,[],20,3,,18,2,
2645524,33,False,False,330,2027-04-24T14:00:00Z,0,False,0,False,[],11,3,,19,2,
2645525,34,False,False,331,2027-05-01T14:00:00Z,0,False,0,False,[],19,5,,1,3,
2645526,34,False,False,332,2027-05-01T14:00:00Z,0,False,0,False,[],18,3,,5,3,
2645527,34,False,False,333,2027-05-01T14:00:00Z,0,False,0,False,[],16,2,,7,4,
2645528,34,False,False,334,2027-05-01T14:00:00Z,0,False,0,False,[],2,3,,8,3,
2645529,34,False,False,335,2027-05-01T14:00:00Z,0,False,0,False,[],9,3,,10,3,
2645530,34,False,False,336,2027-05-01T14:00:00Z,0,False,0,False,[],3,2,,11,3,
2645531,34,False,False,337,2027-05-01T14:00:00Z,0,False,0,False,[],13,2,,12,2,
2645532,34,False,False,338,2027-05-01T14:00:00Z,0,False,0,False,[],6,4,,14,4,
2645533,34,False,False,339,2027-05-01T14:00:00Z,0,False,0,False,[],4,5,,15,3,
2645534,34,False,False,340,2027-05-01T14:00:00Z,0,False,0,False,[],17,3,,20,2,
2645535,35,False,False,341,2027-05-08T14:00:00Z,0,False,0,False,[],16,3,,3,4,
2645536,35,False,False,342,2027-05-08T14:00:00Z,0,False,0,False,[],2,3,,4,3,
2645537,35,False,False,343,2027-05-08T14:00:00Z,0,False,0,False,[],20,3,,5,2,
2645538,35,False,False,344,2027-05-08T14:00:00Z,0,False,0,False,[],11,3,,9,2,
2645539,35,False,False,345,2027-05-08T14:00:00Z,0,False,0,False,[],12,3,,10,2,
2645540,35,False,False,346,2027-05-08T14:00:00Z,0,False,0,False,[],1,3,,13,4,
2645541,35,False,False,347,2027-05-08T14:00:00Z,0,False,0,False,[],14,5,,15,4,
2645542,35,False,False,348,2027-05-08T14:00:00Z,0,False,0,False,[],7,3,,17,2,
2645543,35,False,False,349,2027-05-08T14:00:00Z,0,False,0,False,[],8,3,,18,3,
2645544,35,False,False,350,2027-05-08T14:00:00Z,0,False,0,False,[],6,3,,19,4,
2645545,36,False,False,351,2027-05-15T14:00:00Z,0,False,0,False,[],18,5,,1,3,
2645546,36,False,False,352,2027-05-15T14:00:00Z,0,False,0,False,[],17,4,,2,2,
2645547,36,False,False,353,2027-05-15T14:00:00Z,0,False,0,False,[],9,4,,6,3,
2645548,36,False,False,354,2027-05-15T14:00:00Z,0,False,0,False,[],19,2,,7,3,
2645549,36,False,False,355,2027-05-15T14:00:00Z,0,False,0,False,[],5,3,,8,2,
2645550,36,False,False,356,2027-05-15T14:00:00Z,0,False,0,False,[],10,2,,11,2,
2645551,36,False,False,357,2027-05-15T14:00:00Z,0,False,0,False,[],15,2,,12,4,
2645552,36,False,False,358,2027-05-15T14:00:00Z,0,False,0,False,[],4,4,,14,3,
2645553,36,False,False,359,2027-05-15T14:00:00Z,0,False,0,False,[],13,4,,16,2,
2645554,36,False,False,360,2027-05-15T14:00:00Z,0,False,0,False,[],3,3,,20,3,
2645555,37,False,False,361,2027-05-23T14:00:00Z,0,False,0,False,[],6,3,,3,4,
2645556,37,False,False,362,2027-05-23T14:00:00Z,0,False,0,False,[],11,3,,4,2,
2645557,37,False,False,363,2027-05-23T14:00:00Z,0,False,0,False,[],14,3,,5,4,
2645558,37,False,False,364,2027-05-23T14:00:00Z,0,False,0,False,[],1,3,,9,4,
2645559,37,False,False,365,2027-05-23T14:00:00Z,0,False,0,False,[],7,3,,10,2,
2645560,37,False,False,366,2027-05-23T14:00:00Z,0,False,0,False,[],20,3,,13,2,
2645561,37,False,False,367,2027-05-23T14:00:00Z,0,False,0,False,[],2,5,,15,3,
2645562,37,False,False,368,2027-05-23T14:00:00Z,0,False,0,False,[],8,3,,17,3,
2645563,37,False,False,369,2027-05-23T14:00:00Z,0,False,0,False,[],12,3,,18,2,
2645564,37,False,False,370,2027-05-23T14:00:00Z,0,False,0,False,[],16,3,,19,4,
2645565,38,False,False,371,2027-05-30T15:00:00Z,0,False,0,False,[],5,5,,1,2,
2645566,38,False,False,372,2027-05-30T15:00:00Z,0,False,0,False,[],19,4,,2,3,
2645567,38,False,False,373,2027-05-30T15:00:00Z,0,False,0,False,[],4,4,,6,3,
2645568,38,False,False,374,2027-05-30T15:00:00Z,0,False,0,False,[],18,2,,7,3,
2645569,38,False,False,375,2027-05-30T15:00:00Z,0,False,0,False,[],13,3,,8,2,
2645570,38,False,False,376,2027-05-30T15:00:00Z,0,False,0,False,[],17,2,,11,2,
2645571,38,False,False,377,2027-05-30T15:00:00Z,0,False,0,False,[],9,2,,12,3,
2645572,38,False,False,378,2027-05-30T15:00:00Z,0,False,0,False,[],3,4,,14,3,
2645573,38,False,False,379,2027-05-30T15:00:00Z,0,False,0,False,[],10,4,,16,2,
2645574,38,False,False,380,2027-05-30T15:00:00Z,0,False,0,False,[],15,3,,20,4,
